<lxs>
    <scene root="demoRoot" axis_length="5"/>

    <views default="roomOverview">
        <perspective id="roomOverview" near="0.1" far="1000" angle="45">
            <from x="10" y="8" z="30" />
            <to x="10" y="0" z="5" />
        </perspective>
        <perspective id="bobiesPers" near="0.1" far="500" angle="45">
            <from x="10" y="5" z="5" />
            <to x="10" y="5" z="0" />
        </perspective>
        <perspective id="biscuitsPers" near="0.1" far="500" angle="90">
            <from x="5" y="4" z="15" />
            <to x="5" y="0" z="14" />
        </perspective>
        <ortho id="room_side_ortho_plane" near="10" far="70" left="-7" right="7" top="7" bottom="-7">
            <from x="-5" y="10" z="-10" />
            <to x="5" y="5" z="5" />
            <up x="0" y="1" z="0" /> 
        </ortho>
        </views>

    <globals>
        <ambient r="0.2" g="0.2" b="0.2" a="1.0" />
        <background r="0.8" g="0.8" b="0.8" a="1.0" />
    </globals>

    <lights>
        <omni id="roomLight" enabled="1">
            <location x="9.8" y="10" z="10" w="1.0" />
            <ambient r="0.8" g="0.8" b="0.8" a="1.0" />
            <diffuse r="1.0" g="1.0" b="1.0" a="1.0" />
            <specular r="1.0" g="1.0" b="1.0" a="1.0" />
            <attenuation constant="1" linear="0" quadratic="0" /> 
        </omni>
        <spot id="treeLight" enabled="1" angle="1" exponent="1">
            <location x="4" y="7" z="4" w="1" />
            <target x="0" y="-7" z="0" />
            <ambient r="0.5" g="0.5" b="0.5" a="1.0" />
            <diffuse r="1" g="1" b="1" a="1.0" />
            <specular r="1" g="1" b="1" a="1" />
        </spot>
    </lights>

    <textures>
        <texture id="demoTexture" file="scenes/images/vidral.jpg" />
        <texture id="melhorCao" file="scenes/images/loki.jpg" />
        <texture id="melhorCadelaOG" file="scenes/images/missy.jpg" />
        <texture id="melhorCadela" file="scenes/images/daisy.jpg" />
        <texture id="treeText" file="scenes/images/pine_leaves.jpg" />
        <texture id="treeBaseText" file="scenes/images/trunk-image.jpg" />
        <texture id="treeBallText" file="scenes/images/silver_ball.jpg" />
        <texture id="fireplaceText" file="scenes/images/fireplace.jpg" />
        <texture id="coroaText" file="scenes/images/leaves.jpg" />
        <texture id="woodCabinWall" file="scenes/images/cabin_wall.jpg" />
        <texture id="woodCabinFloor" file="scenes/images/cabin_floor.jpg" />
        <texture id="present1Text" file="scenes/images/gift_wrap1.png" />
        <texture id="present2Text" file="scenes/images/gift_wrap2.jpg" />
        <texture id="present3Text" file="scenes/images/gift_wrap3.jpg" />
        <texture id="present4Text" file="scenes/images/gift_wrap4.jpg" />
        <texture id="tableText" file="scenes/images/table.jpg" />
        <texture id="window1Text" file="scenes/images/window_image_kevin.png" />
        <texture id="greenCookie" file="scenes/images/xmas_cookie1.jpg" />
        <texture id="treeCookie" file="scenes/images/xmas_cookie2.jpg" />
        <texture id="cookiePlate" file="scenes/images/xmas_plate.jpg" />
        <texture id="doorText" file="scenes/images/cabin_door.jpg" />
        <texture id="carpetText" file="scenes/images/carpet.jpg" />
        <texture id="goldTex" file="scenes/images/gold.jpg" />
        <texture id="windowFrameText" file="scenes/images/window_frame.jpg" />
        <texture id="drapesText" file="scenes/images/beije.jpg" />
        <texture id="homeAlone" file="scenes/images/home_alone.jpg" />
    </textures>

    <materials>
        <material id="demoMaterial" shininess="10">
            <emission r="0.1" g="0.1" b="0.1" a="1.0" />
            <ambient r="0.10" g=".10" b=".10" a="1.0" />
            <diffuse r="0.5" g="0.50" b="0.5" a="1.0" />
            <specular r="0.05" g="0.05" b="0.05" a="1.0" />
        </material>
        <material id="woodMaterial" shininess="15">
            <emission r="0.1" g="0.1" b="0.1" a="1.0" />
            <ambient r="0.16" g="0.10" b="0.0" a="1.0" />
            <diffuse r="0.16" g="0.10" b="0.0" a="1.0" />
            <specular r="0.16" g="0.10" b="0.0" a="1.0" />
        </material>
        <material id="goldStar" shininess="10">
            <emission r="0.0077" g="0.0070" b="0.0034" a="1.0" />
            <ambient r="0.77" g="0.70" b="0.34" a="1.0" />
            <diffuse r="0.77" g="0.70" b="0.34" a="1.0" />
            <specular r="0.77" g="0.70" b="0.34" a="1.0" />
        </material>
        <material id="present1Mat" shininess="1">
            <ambient r="0.08" g="0.036" b="0.0036"  a="1.0" />
            <diffuse r="0.8" g="0.36" b="0.036"  a="1.0" />
            <specular r="0.008" g="0.0036" b="0.0036"  a="1.0" />
        </material>
        <material id="present2Mat" shininess="1">
            <ambient r="0.1" g="0.1" b="0.1"  a="1.0" />
            <diffuse r="0.8" g="0.8" b="0.8"  a="1.0" />
            <specular r="0.01" g="0.01" b="0.01"  a="1.0" />
        </material>
        <material id="present3Mat" shininess="1">
            <ambient r="0" g="0.375" b="0.5"  a="1.0" />
            <diffuse r="0" g="0.75" b="1"  a="1.0" />
            <specular r="0" g="0.075" b="0.1"  a="1.0" />
        </material>
        <material id="present4Mat" shininess="1">
            <emission r="0.3" g="0.3" b="0.3" a="1.0" />
            <ambient r="0.10" g=".008" b=".060" a="1.0" />
            <diffuse r="0.1" g="0.008" b="0.06" a="1.0" />
            <specular r="0.5" g="0.04" b="0.3" a="1.0" />
        </material>
        <material id="dogs" shininess="1">
            <emission r="1" g="1" b="1" a="1.0" />
            <ambient r="0.10" g=".008" b=".060" a="1.0" />
            <diffuse r="1" g="0.08" b="0.6" a="1.0" />
            <specular r="0.01" g="0.08" b="0.6" a="1.0" />
        </material>
         <material id="ballsMat" shininess="1">
            <emission r="0.0" g="0.0" b="0.0" a="1.0" />
            <ambient r="0.271" g="0" b="0" a="1.0" />
            <diffuse r="0.271" g="0" b="0" a="1.0" />
            <specular r="0.543" g="0" b="0" a="1.0" />
        </material>
         <material id="balls2Mat" shininess="1">
            <emission r="0.0" g="0.0" b="0.0" a="1.0" />
            <ambient r="0.414" g="0.34" b="0.107" a="1.0" />
            <diffuse r="0.414" g="0.34" b="0.107" a="1.0" />
            <specular r="0.83" g="0.68" b="0.21" a="1.0" />
        </material>
        <material id="fireMat" shininess="1">
            <emission r="0.6" g="0.6" b="0.6" a="1.0" />
            <ambient r="0.4" g="0.4" b="0.4" a="1.0" />
            <diffuse r="0.5" g="0.5" b="0.5" a="1.0" />
            <specular r="0.7" g="0.7" b="0.7" a="1.0" />
        </material>
        <material id="carpetMat" shininess="1">
            <ambient r="0.4" g="0.4" b="0.4" a="1.0" />
            <diffuse r="0.7" g="0.7" b="0.7" a="1.0" />
            <specular r="0.01" g="0.01" b="0.01" a="1.0" />
        </material>
        <material id="cookiesMat" shininess="1">
            <ambient r="0.4" g="0.4" b="0.4" a="1.0" />
            <diffuse r="0.5" g="0.5" b="0.5" a="1.0" />
            <specular r="0.3" g="0.3" b="0.3" a="1.0" />
        </material>
            <material id="windowMat" shininess="1">
            <emission r="0.4" g="0.4" b="0.4" a="1.0" />
            <ambient r="0.4" g="0.4" b="0.4" a="1.0" />
            <diffuse r="0.5" g="0.5" b="0.5" a="1.0" />
            <specular r="0.3" g="0.3" b="0.3" a="1.0" />
        </material>
    </materials>

    <transformations>
        <transformation id="floorTrans">
            <translate x="-0.03" y="0" z="9.8" />
            <scale x="18.06" y="1" z="20" />
            <translate x="0.5" y="0" z="0.01" />
        </transformation>
    </transformations>

     <animations> 
        <animation id="CoroaAni" >
            <keyframe instant="2">
                <translate x="1" y="0" z="0" />
                <rotate angle_x="0" angle_y="0" angle_z="30" />
                <scale x="1" y="1" z="1" />
            </keyframe>
            <keyframe instant="4">
                <translate x="1" y="0" z="0" />
                <rotate angle_x="0" angle_y="0" angle_z="-60" />
                <scale x="1" y="1" z="1" />
            </keyframe>
                 <keyframe instant="6">
                <translate x="1" y="0" z="0" />
                <rotate angle_x="0" angle_y="0" angle_z="60" />
                <scale x="1" y="1" z="1" />
            </keyframe>
            <keyframe instant="8">
                <translate x="0" y="0" z="0" />
                <rotate angle_x="0" angle_y="0" angle_z="-60" />
                <scale x="1" y="1" z="1" />
            </keyframe>
                 <keyframe instant="10">
                <translate x="0" y="0" z="0" />
                <rotate angle_x="0" angle_y="0" angle_z="60" />
                <scale x="1" y="1" z="1" />
            </keyframe>
            <keyframe instant="12">
                <translate x="0" y="0" z="0" />
                <rotate angle_x="0" angle_y="0" angle_z="-60" />
                <scale x="1" y="1" z="1" />
            </keyframe>
        </animation>

        <animation id="ballPresentAni" >
            <keyframe instant="5">
                <translate x="1" y="0" z="1" />
                <rotate angle_x="360" angle_y="0" angle_z="360" />
                <scale x="1" y="1" z="1" />
            </keyframe>
           </animation>

            <animation id="WindowFrameLeftAni" >
            <keyframe instant="5">
                <translate x="0" y="0" z="0" />
                <rotate angle_x="0" angle_y="45" angle_z="0" />
                <scale x="1" y="1" z="1" />
            </keyframe>
             <keyframe instant="10">
                <translate x="0" y="0" z="0" />
                <rotate angle_x="0" angle_y="0" angle_z="0" />
                <scale x="1" y="1" z="1" />
            </keyframe>
            
           </animation>

            <animation id="WindowFrameRightAni" >
            <keyframe instant="5">
                <translate x="0" y="0" z="0" />
                <rotate angle_x="0" angle_y="-45" angle_z="0" />
                <scale x="1" y="1" z="1" />
            </keyframe>       
            <keyframe instant="10">
                <translate x="0" y="0" z="0" />
                <rotate angle_x="0" angle_y="0" angle_z="0" />
                <scale x="1" y="1" z="1" />
            </keyframe>             
           </animation>

        
    </animations> 



    <primitives>
        <primitive id="Rectangles">
            <rectangle x1="-0.5" y1="-1" x2="0.5" y2="1" />
        </primitive>

        <primitive id="CandleBottom">
            <cylinder base="2" top="1" height="3" slices="20" stacks="20" />
        </primitive>

        <primitive id="TreeBranches">
            <cylinder base="4" top="2" height="3" slices="20" stacks="20" />
        </primitive>

        <primitive id="TreeBranches2">
            <cylinder base="4" top="1" height="3" slices="20" stacks="20" />
        </primitive>

        <primitive id="TreeBranches3">
            <cylinder base="4" top="0.2" height="3" slices="20" stacks="20" />
        </primitive>

        <primitive id="TreeBase">
            <cylinder base="1" top="1" height="1" slices="20" stacks="20" />
        </primitive>
    
        <primitive id="demoTorus">
            <torus inner="0.3" outer="0.8" slices="80" loops="80" />
        </primitive>

        <primitive id="triang">
          <triangle   x1="0" y1="0" z1="0"
                        x2="1" y2="1" z2="0"
                        x3="2" y3="0" z3="0" />
        </primitive>

        <primitive id="sphere">
              <sphere radius="0.1" slices="30" stacks="30" />
        </primitive>

        <primitive id="starPoint">
            <cylinder base="0.08" top="0" height="0.4" slices="20" stacks="10" />
        </primitive>

        <primitive id="disk">
            <cylinder base="1" top="0.8" height="0.02" slices="30" stacks="1" />
        </primitive>

        <!-- ////////////////////////////////TESTING ///////////////////////////////// -->
        <primitive id ="cylinder">
            <cylinder2 base="2" top="2" height="5" slices="30" stacks="30" />
        </primitive>

        <primitive id="plane" >
            <plane npartsU="5" npartsV="10" />
        </primitive>
        <!-- ///////////////////////////////////////////////////////////////////////// -->
        <primitive id="tableCloth" >
            <patch npointsU="3" npointsV="7" npartsU="10" npartsV="10" >
                <controlpoint xx="-3" yy="-2" zz="-2" />
                <controlpoint xx="-3" yy="-1.9" zz="-0.5" />
                <controlpoint xx="-3" yy="-1.8" zz="-1" />
                <controlpoint xx="-3" yy="0" zz="-1" />
                <controlpoint xx="-3" yy="1.8" zz="-1" />
                <controlpoint xx="-3" yy="1.9" zz="-0.5" />
                <controlpoint xx="-3" yy="2" zz="-2" />
                
                <controlpoint xx="0" yy="-2" zz="-0.5" />
                <controlpoint xx="0" yy="-1.9" zz="-0.5" />
                <controlpoint xx="0" yy="-1.8" zz="-1" />
                <controlpoint xx="0" yy="0" zz="-1" />
                <controlpoint xx="0" yy="1.8" zz="-1" />
                <controlpoint xx="0" yy="1.9" zz="-0.5" />
                <controlpoint xx="0" yy="2" zz="-0.5" />
                
                <controlpoint xx="3" yy="-2" zz="-2" />
                <controlpoint xx="3" yy="-1.9" zz="-0.5" />
                <controlpoint xx="3" yy="-1.8" zz="-1" />
                <controlpoint xx="3" yy="0" zz="-1" />
                <controlpoint xx="3" yy="1.8" zz="-1" />
                <controlpoint xx="3" yy="1.9" zz="-0.5" />
                <controlpoint xx="3" yy="2" zz="-2" />
            </patch>
        </primitive>

        <primitive id="cortina" >
            <patch npointsU="9" npointsV="4" npartsU="10" npartsV="10" >
                <controlpoint xx="0" yy="6" zz="0" />
                <controlpoint xx="0" yy="5" zz="0" />
                <controlpoint xx="0" yy="4" zz="0" />
                <controlpoint xx="0" yy="3" zz="0" />

                <controlpoint xx="1" yy="6" zz="1" />
                <controlpoint xx="1" yy="5" zz="1" />      
                <controlpoint xx="1" yy="4" zz="1" />
                <controlpoint xx="1" yy="3" zz="1" />

                <controlpoint xx="2" yy="6" zz="-2" />
                <controlpoint xx="2" yy="5" zz="-2" />
                <controlpoint xx="2" yy="4" zz="-2" />
                <controlpoint xx="2" yy="3" zz="-2" />

                <controlpoint xx="3" yy="6" zz="1" />
                <controlpoint xx="3" yy="5" zz="1" />
                <controlpoint xx="3" yy="4" zz="1" />
                <controlpoint xx="3" yy="3" zz="1" />

                <controlpoint xx="4" yy="6" zz="0" />
                <controlpoint xx="4" yy="5" zz="0" />
                <controlpoint xx="4" yy="4" zz="0" />
                <controlpoint xx="4" yy="3" zz="0" />

                <controlpoint xx="5" yy="6" zz="2" />
                <controlpoint xx="5" yy="5" zz="2" />      
                <controlpoint xx="5" yy="4" zz="2" />
                <controlpoint xx="5" yy="3" zz="2" />

                <controlpoint xx="6" yy="6" zz="-2" />
                <controlpoint xx="6" yy="5" zz="-2" />
                <controlpoint xx="6" yy="4" zz="-2" />
                <controlpoint xx="6" yy="3" zz="-2" />

                <controlpoint xx="7" yy="6" zz="1" />
                <controlpoint xx="7" yy="5" zz="1" />
                <controlpoint xx="7" yy="4" zz="1" />
                <controlpoint xx="7" yy="3" zz="1" />

                <controlpoint xx="8" yy="6" zz="0" />
                <controlpoint xx="8" yy="5" zz="0" />
                <controlpoint xx="8" yy="4" zz="0" />
                <controlpoint xx="8" yy="3" zz="0" />
            </patch>
        </primitive>
    </primitives>

    <components>
        <component id="demoRoot">
            <transformation>
            </transformation>
            <materials>
                <material id="demoMaterial" />
            </materials>
            <texture id="demoTexture" length_s="1" length_t="1"/>
            <children>
                <componentref id="ChristmasTree" />
                <componentref id="DaisyFrame" />
                <componentref id="LokiFrame" />
                <componentref id="Coroa" />
                <componentref id="Cabin" />
                <componentref id="Present1" />
                <componentref id="Present2" />
                <componentref id="Present3" />
                <componentref id="Present4" /> 
                <componentref id="Present5" />
                <componentref id="Present6" />
                <componentref id="Present7" />
                <componentref id="Table" />
                <componentref id="Window1" />  
                <componentref id="Window2" />  
                <componentref id="Door" />
                 <componentref id="Cookies" />
                <componentref id="Carpete" />
                <componentref id="Chair1" />
                <componentref id="Chair2" />
                <componentref id="Chair3" />
                <componentref id="Chair4" />  
                <componentref id="CortinasEstrutura" /> 
            </children>
         </component>

          <component id="CortinasEstrutura"> 
            <transformation>
            </transformation>
            <materials>
                <material id="present2Mat" />
            </materials>
            <texture id="none"/>
            <children>
                <componentref id ="CortinasR" /> 
                <componentref id ="CortinasL" /> 
                <componentref id ="Barra" /> 
            </children>
        </component>

        <component id="Barra"> 
            <transformation>
                <translate x="15" y="6.3" z="0.1" />  
                <scale x="0.9" y="0.1" z="0.1" />  
                <rotate axis="y" angle="90" /> 
            </transformation>
            <materials>
                <material id="present2Mat" />
            </materials>
            <texture id="woodCabinWall" length_s="0.05" length_t="0.05"/>
            <children>
                <primitiveref id = "cylinder"/>
            </children>
        </component>

          <component id="CortinasR"> 
            <transformation>
                <translate x="17" y="-2.9" z="0.5" />   
                <rotate axis="y" angle="180" /> 
                <scale x="0.2" y="1.6" z="1" />  
            </transformation>
            <materials>
                <material id="present2Mat" />
            </materials>
            <texture id="drapesText" length_s="1" length_t="1"/>
            <children>
                <primitiveref id = "cortina"/>
            </children>
        </component>

         <component id="CortinasL"> 
            <transformation>
                <translate x="14.5" y="-2.9" z="0.5" />   
                <rotate axis="y" angle="180" /> 
                <scale x="0.2" y="1.6" z="1" />  
            </transformation>
            <materials>
                <material id="present2Mat" />
            </materials>
            <texture id="drapesText" length_s="1" length_t="1"/>
            <children>
                <primitiveref id = "cortina"/>
            </children>
        </component>

         <component id="Present1"> 
            <transformation>
                <translate x="1" y="0.35" z="5.2" />   
                <rotate axis="y" angle="-30" /> 
                <scale x="0.7" y="0.7" z="0.7" />  
            </transformation>
            <materials>
                <material id="present2Mat" />
            </materials>
            <texture id="present1Text" length_s="1" length_t="1"/>
            <children>
                <componentref id="Quad11" />
                <componentref id="Quad12" />
                <componentref id="Quad13" />
                <componentref id="Quad14" />
                <componentref id="Quad15" />
                <componentref id="Quad16" />
            </children>
        </component>

        <component id="Present2">
            <transformation>
                <translate x="2.7" y="0.35" z="6.2" />   
                <rotate axis="y" angle="97" /> 
                <scale x="0.7" y="0.7" z="1.4" />  
            </transformation>
            <materials>
                <material id="present3Mat" />
            </materials>
            <texture id="present2Text" length_s="2" length_t="1"/>
            <children>
                <componentref id="Quad11p6" />
                <componentref id="Quad12p6" />
                <componentref id="Quad14" />
                <componentref id="Quad13p6" />
                <componentref id="Quad15" />
                <componentref id="Quad16" />
            </children>
        </component>

        <component id="Present3">
            <transformation>
                <translate x="5.2" y="0.5" z="4.9" />  
                <rotate axis="y" angle="55" /> 
                <scale x="1.2" y="1" z="1" />  
            </transformation>
            <materials>
                <material id="present2Mat" />
            </materials>
            <texture id="present1Text" length_s="1" length_t="1"/>
            <children>
                 <componentref id="Quad11" />
                <componentref id="Quad12" />
                <componentref id="Quad13" />
                <componentref id="Quad14" />
                <componentref id="Quad15" />
                <componentref id="Quad16" />
            </children>
        </component>

        <component id="Present4">
            <transformation>
                <translate x="4" y="0.4" z="5.7" />   
                <scale x="4" y="4" z="4" />
            </transformation>
            <materials>
                <material id="present4Mat" />
            </materials>
            <texture id="present3Text" length_s="1" length_t="1"/>
            <children>
                <componentref id ="Present4Aux"/>
            </children>
        </component>

        <component id="Present4Aux">
            <transformation>
            </transformation>
                <animationref id="ballPresentAni" />
            <materials>
                <material id="present4Mat" />
            </materials>
            <texture id="inherit"/>
            <children>
                <primitiveref id="sphere" />
            </children>
        </component>

         <component id="Present5">
            <transformation>
                <translate x="4.5" y="0.5" z="5.3" />  
                <scale x="0.3" y="1" z="0.6" />  
            </transformation>
            <materials>
                <material id="present1Mat" />
            </materials>
            <texture id="present4Text" length_s="1" length_t="1"/>
            <children>
                <componentref id="Quad11p5" />
                <componentref id="Quad12" />
                <componentref id="Quad13p5" />
                <componentref id="Quad14" />
                <componentref id="Quad15" />
                <componentref id="Quad16" />
            </children>
        </component>

        <component id="Present6">
            <transformation>
                <translate x="1.5" y="0.95" z="5.5" />  
                <scale x="0.6" y="0.5" z="0.6" />  
            </transformation>
            <materials>
                <material id="present1Mat" />
            </materials>
            <texture id="present4Text" length_s="1" length_t="1"/>
            <children>
                <componentref id="Quad11" />
                <componentref id="Quad12" />
                <componentref id="Quad13" />
                <componentref id="Quad14" />
                <componentref id="Quad15" />
                <componentref id="Quad16" />
            </children>
        </component>

         <component id="SideRec1">
            <transformation>
                <translate x="0.4" y="0.24" z="0.65" />   
                <rotate axis="x" angle="-32.4" /> 
                <scale x="0.8" y="0.28" z="1" />  
            </transformation>
            <materials>
                <material id="demoMaterial" />
            </materials>
            <texture id="inherit" />
            <children>
                <primitiveref id="Rectangles" />
            </children>
        </component>


        <component id="SideRec2">
            <transformation>
                <translate x="0.4" y="0.24" z="0.35" />   
                <rotate axis="x" angle="32.4" /> 
                 <rotate axis="y" angle="180" /> 
                <scale x="0.8" y="0.28" z="1" />  
            </transformation>
            <materials>
                <material id="demoMaterial" />
            </materials>
            <texture id="inherit" />
            <children>
                <primitiveref id="Rectangles" />
            </children>
        </component>


        <component id="SideRec3">
            <transformation>
                <translate x="0.4" y="0" z="0.5" />   
                <rotate axis="x" angle="90" /> 
                <scale x="0.8" y="0.3" z="1" />  
            </transformation>
            <materials>
                <material id="demoMaterial" />
            </materials>
             <texture id="present2Text" length_s="2" length_t="2"/>
            <children>
                <primitiveref id="Rectangles" />
            </children>
        </component>


        <component id="SideTri1">
            <transformation>
                <translate x="0.79" y="0" z="0.8" /> 
                <rotate axis="y" angle="90" /> 
                <scale x="0.3" y="0.476" z="1" />   
            </transformation>
            <materials>
                <material id="inherit" />
            </materials>
            <texture id="present2Text" length_s="2" length_t="2"/>
            <children>
                <primitiveref id ="triang" />
            </children>
        </component> 

        <component id="SideTri2">
            <transformation>
                <translate x="0" y="0" z="0.8" /> 
                <rotate axis="y" angle="90" /> 
                <scale x="0.3" y="0.476" z="1" />   
            </transformation>
            <materials>
                <material id="inherit" />
            </materials>
            <texture id="present2Text" length_s="2" length_t="2"/>
            <children>
                <primitiveref id ="triang" />
            </children>
        </component>

        <component id="Present7">
            <transformation>
                <translate x="6.1" y="0" z="2.2" /> 
                <rotate axis="y" angle="-80" /> 
                <scale x="1.5" y="1.2" z="1.5" /> 

            </transformation>
            <materials>
                <material id="present2Mat" />
            </materials>
            <texture id="present2Text" length_s="1" length_t="1"/>
            <children>
                <componentref id ="SideTri1" />
                <componentref id ="SideTri2" />
                <componentref id ="SideRec1" />
                <componentref id ="SideRec2" />
                <componentref id ="SideRec3" />
            </children>
        </component>

        <component id="TableLeg3">
            <transformation>
                <translate x="4.3" y="-1.3" z="-0.8" /> 
                <scale x="0.2" y="2.5" z="0.2"/>  
            </transformation>
            <materials>
                <material id="demoMaterial" />
            </materials>
            <texture id="inherit" />
            <children>
                <componentref id="Quad11" />
                <componentref id="Quad12" />
                <componentref id="Quad13" />
                <componentref id="Quad14" />
                <componentref id="Quad15" />
                <componentref id="Quad16" />
            </children>
        </component>

        <component id="TableLeg4">
            <transformation>
                <translate x="4.3" y="-1.3" z="0.8" /> 
                <scale x="0.2" y="2.5" z="0.2"/>  
            </transformation>
            <materials>
                <material id="demoMaterial" />
            </materials>
            <texture id="inherit" />
            <children>
                <componentref id="Quad11" />
                <componentref id="Quad12" />
                <componentref id="Quad13" />
                <componentref id="Quad14" />
                <componentref id="Quad15" />
                <componentref id="Quad16" />
            </children>
        </component>

        <component id="TableLeg2">
            <transformation>
                <translate x="0.5" y="-1.3" z="-0.8" /> 
                <scale x="0.2" y="2.5" z="0.2"/>  
            </transformation>
            <materials>
                <material id="demoMaterial" />
            </materials>
            <texture id="inherit" />
            <children>
                <componentref id="Quad11" />
                <componentref id="Quad12" />
                <componentref id="Quad13" />
                <componentref id="Quad14" />
                <componentref id="Quad15" />
                <componentref id="Quad16" />
            </children>
        </component>

        <component id="TableLeg">
            <transformation>
                <translate x="0.5" y="-1.3" z="0.8" /> 
                <scale x="0.2" y="2.5" z="0.2"/>  
            </transformation>
            <materials>
                <material id="demoMaterial" />
            </materials>
            <texture id="inherit" />
            <children>
                <componentref id="Quad11" />
                <componentref id="Quad12" />
                <componentref id="Quad13" />
                <componentref id="Quad14" />
                <componentref id="Quad15" />
                <componentref id="Quad16" />
            </children>
        </component>

        <component id="TableTop">
            <transformation>
                <scale x="5" y="0.2" z="3" />  
            </transformation>
            <materials>
                <material id="demoMaterial" />
            </materials>
            <texture id="inherit" />
            <children>
                <componentref id="Quad11" />
                <componentref id="Quad12" />
                <componentref id="Quad13" />
                <componentref id="Quad14" />
                <componentref id="Quad15" />
                <componentref id="Quad16" />
            </children>
        </component>

        <component id="TableSheet">
            <transformation>
                <translate x="2.5" y="0.89" z="0" />
                <scale x="0.8" y="0.8" z="1.08" />
                <rotate axis="x" angle="-90" />
            </transformation>
            <materials>
                <material id="demoMaterial" />
            </materials>
            <texture id="carpetText" />
            <children>
                <primitiveref id="tableCloth" />
            </children>
        </component>
        
        <component id="Table">
            <transformation>
                <translate x="2" y="2.5" z="15" /> 
            </transformation>
            <materials>
                <material id="demoMaterial" />
            </materials>
            <texture id="tableText" length_s="1" length_t="1"/>
            <children>
                <componentref id="TableSheet" />
                <componentref id="TableTop" />
                <componentref id="TableLeg" />
                <componentref id="TableLeg2" />
                <componentref id="TableLeg3" />
                <componentref id="TableLeg4" />
            </children>
        </component>

        <component id="Chair1">
            <transformation>
                <translate x="2.5" y="0" z="12.8" /> 
            </transformation>
            <materials>
                <material id="demoMaterial" />
            </materials>
            <texture id="tableText" length_s="1" length_t="1"/>
            <children>
                <componentref id="ChairTop" />
                <componentref id="ChairLeg1" />
                <componentref id="ChairLeg2" />
                <componentref id="ChairLeg3" />
                <componentref id="ChairLeg4" />
            </children>
        </component>

         <component id="Chair2">
            <transformation>
                <translate x="5.2" y="0" z="12.8" /> 
            </transformation>
            <materials>
                <material id="demoMaterial" />
            </materials>
            <texture id="tableText" length_s="1" length_t="1"/>
            <children>
                <componentref id="ChairTop" />
                <componentref id="ChairLeg1" />
                <componentref id="ChairLeg2" />
                <componentref id="ChairLeg3" />
                <componentref id="ChairLeg4" />
            </children>
        </component>

         <component id="Chair3">
            <transformation>
                <translate x="2.5" y="0" z="17.2" /> 
            </transformation>
            <materials>
                <material id="demoMaterial" />
            </materials>
            <texture id="tableText" length_s="1" length_t="1"/>
            <children>
                <componentref id="ChairTop" />
                <componentref id="ChairLeg1" />
                <componentref id="ChairLeg2" />
                <componentref id="ChairLeg3" />
                <componentref id="ChairLeg4" />
            </children>
        </component>

         <component id="Chair4">
            <transformation>
                <translate x="5.2" y="0" z="17.2" /> 
            </transformation>
            <materials>
                <material id="demoMaterial" />
            </materials>
            <texture id="tableText" length_s="1" length_t="1"/>
            <children>
                <componentref id="ChairTop" />
                <componentref id="ChairLeg1" />
                <componentref id="ChairLeg2" />
                <componentref id="ChairLeg3" />
                <componentref id="ChairLeg4" />
            </children>
        </component>


        <component id="ChairLeg1">
            <transformation>
                <translate x="0.2" y="0.7" z="0.2" /> 
                <scale x="0.1" y="1.4" z="0.1" />  
            </transformation>
            <materials>
                <material id="demoMaterial" />
            </materials>
            <texture id="tableText" length_s="1" length_t="1"/>
            <children>
                <componentref id="Quad11" />
                <componentref id="Quad12" />
                <componentref id="Quad13" />
                <componentref id="Quad14" />
                <componentref id="Quad15" />
                <componentref id="Quad16" />
            </children>
        </component>

            <component id="ChairLeg2">
            <transformation>
                <translate x="0.2" y="0.7" z="-0.2" /> 
                <scale x="0.1" y="1.4" z="0.1" />  
            </transformation>
            <materials>
                <material id="demoMaterial" />
            </materials>
            <texture id="tableText" length_s="1" length_t="1"/>
            <children>
                <componentref id="Quad11" />
                <componentref id="Quad12" />
                <componentref id="Quad13" />
                <componentref id="Quad14" />
                <componentref id="Quad15" />
                <componentref id="Quad16" />
            </children>
        </component>

        <component id="ChairLeg3">
            <transformation>
                <translate x="0.8" y="0.7" z="-0.2" /> 
                <scale x="0.1" y="1.4" z="0.1" />  
            </transformation>
            <materials>
                <material id="demoMaterial" />
            </materials>
            <texture id="tableText" length_s="1" length_t="1"/>
            <children>
                <componentref id="Quad11" />
                <componentref id="Quad12" />
                <componentref id="Quad13" />
                <componentref id="Quad14" />
                <componentref id="Quad15" />
                <componentref id="Quad16" />
            </children>
        </component>

          <component id="ChairLeg4">
            <transformation>
                <translate x="0.8" y="0.7" z="0.2" /> 
                <scale x="0.1" y="1.4" z="0.1" />  
            </transformation>
            <materials>
                <material id="demoMaterial" />
            </materials>
            <texture id="tableText" length_s="1" length_t="1"/>
            <children>
                <componentref id="Quad11" />
                <componentref id="Quad12" />
                <componentref id="Quad13" />
                <componentref id="Quad14" />
                <componentref id="Quad15" />
                <componentref id="Quad16" />
            </children>
        </component>

         <component id="ChairTop">
            <transformation>
                <translate x="0" y="1.5" z="0" /> 
                <scale x="1.1" y="0.2" z="1.1" />  
            </transformation>
            <materials>
                <material id="demoMaterial" />
            </materials>
            <texture id="tableText" length_s="1" length_t="1"/>
            <children>
                <componentref id="Quad11" />
                <componentref id="Quad12" />
                <componentref id="Quad13" />
                <componentref id="Quad14" />
                <componentref id="Quad15" />
                <componentref id="Quad16" />
            </children>
        </component>

          <component id="Quad11">
            <transformation>
                <translate x="0.5" y="0" z="0.5" />   
                <scale x="1" y="0.5" z="1" />  
            </transformation>
            <materials>
                <material id="demoMaterial" />
            </materials>
            <texture id="inherit" />
            <children>
                <primitiveref id="Rectangles" />
            </children>
        </component>

        <component id="Quad11p5">
            <transformation>
                <translate x="0.5" y="0" z="0.5" />   
                <scale x="1" y="0.5" z="1" />  
            </transformation>
            <materials>
                <material id="demoMaterial" />
            </materials>
            <texture id="present4Text" length_s="1" length_t="2"/>
            <children>
                <primitiveref id="Rectangles" />
            </children>
        </component>

        <component id="Quad11p6">
            <transformation>
                <translate x="0.5" y="0" z="0.5" />   
                <scale x="1" y="0.5" z="1" />  
            </transformation>
            <materials>
                <material id="demoMaterial" />
            </materials>
            <texture id="present2Text" length_s="1" length_t="2"/>
            <children>
                <primitiveref id="Rectangles" />
            </children>
        </component>

        <component id="Quad12p6">
            <transformation>
                <translate x="0.5" y="0.5" z="0" />   
                <rotate axis="x" angle="-90" /> 
                <scale x="1" y="0.5" z="1" />                  
            </transformation>
            <materials>
                <material id="demoMaterial" />
            </materials>
            <texture id="present2Text" length_s="1" length_t="3"/>
            <children>
                <primitiveref id="Rectangles" />
            </children>
        </component>

        <component id="Quad12">
            <transformation>
                <translate x="0.5" y="0.5" z="0" />   
                <rotate axis="x" angle="-90" /> 
                <scale x="1" y="0.5" z="1" />                  
            </transformation>
            <materials>
                <material id="demoMaterial" />
            </materials>
            <texture id="inherit" />
            <children>
                <primitiveref id="Rectangles" />
            </children>
        </component>

        <component id="Quad13p6">
            <transformation>
                <translate x="0.5" y="0" z="-0.5" />   
                <rotate axis="x" angle="-180" /> 
                <scale x="1" y="0.5" z="1" />                  
            </transformation>
            <materials>
                <material id="demoMaterial" />
            </materials>
                <texture id="present2Text" length_s="1" length_t="2"/>
            <children>
                <primitiveref id="Rectangles" />
            </children>
        </component>

          <component id="Quad13p5">
            <transformation>
                <translate x="0.5" y="0" z="-0.5" />   
                <rotate axis="x" angle="-180" /> 
                <scale x="1" y="0.5" z="1" />                  
            </transformation>
            <materials>
                <material id="demoMaterial" />
            </materials>
                <texture id="present4Text" length_s="1" length_t="2"/>
            <children>
                <primitiveref id="Rectangles" />
            </children>
        </component>


        <component id="Quad13">
            <transformation>
                <translate x="0.5" y="0" z="-0.5" />   
                <rotate axis="x" angle="-180" /> 
                <scale x="1" y="0.5" z="1" />                  
            </transformation>
            <materials>
                <material id="demoMaterial" />
            </materials>
            <texture id="inherit" />
            <children>
                <primitiveref id="Rectangles" />
            </children>
        </component>

        <component id="Quad14">
            <transformation>
                <translate x="0" y="0" z="0" />   
                <rotate axis="y" angle="-90" /> 
                <scale x="1" y="0.5" z="1" />                  
            </transformation>
            <materials>
                <material id="demoMaterial" />
            </materials>
            <texture id="inherit" />
            <children>
                <primitiveref id="Rectangles" />
            </children>
        </component>

        <component id="Quad15">
            <transformation>
                <translate x="1" y="0" z="0" />   
                <rotate axis="y" angle="90" /> 
                <scale x="1" y="0.5" z="1" />                  
            </transformation>
            <materials>
                <material id="demoMaterial" />
            </materials>
            <texture id="inherit" />
            <children>
                <primitiveref id="Rectangles" />
            </children>
        </component>

        <component id="Quad16">
            <transformation>
                <translate x="0.5" y="-0.5" z="0" />   
                <rotate axis="x" angle="90" /> 
                <scale x="1" y="0.5" z="1" />                  
            </transformation>
            <materials>
                <material id="demoMaterial" />
            </materials>
            <texture id="inherit" />
            <children>
                <primitiveref id="Rectangles" />
            </children>
        </component>

        <component id="Window2">
            <transformation>
                <translate x="15" y="4" z="0" /> 
                <scale x="3.5" y="2" z="1" />
            </transformation>
            <materials>
                <material id="windowMat" />
            </materials>
            <texture id="window1Text" length_s="1" length_t="1"/>
            <children>
                <primitiveref id="Rectangles" />
                <componentref id="WindowFrame2" />
            </children>
         </component> 

        <component id="WindowFrame2">
            <transformation>
            </transformation>
            <materials>
                <material id="demoMaterial" />
            </materials>
            <texture id="windowFrameText" />
            <children>
                <componentref id="WindowFrameCompR3" />
                <componentref id="WindowFrameCompR4" />
                <componentref id="WindowFrameCompR5" />
                <componentref id="WindowFrameCompL3" />
                <componentref id="WindowFrameCompL4" />
                <componentref id="WindowFrameCompL5" />
            </children>
        </component>

        <component id="Window1">
            <transformation>
                <translate x="0" y="4.5" z="15" /> 
                <rotate axis="y" angle="90" /> 
            </transformation>
            <materials>
                <material id="windowMat" />
            </materials>
            <texture id="window1Text" length_s="1" length_t="1"/>
            <children>
                <componentref id="WindowImage" />
                <componentref id="WindowFrame" />
                <componentref id="WindowFrameBottom" />
            </children>
         </component> 

        <component id="WindowImage">
            <transformation>
                <scale x="5.5" y="2.5" z="1" />
            </transformation>
            <materials>
                <material id="demoMaterial" />
            </materials>
                <texture id="window1Text" length_s="1" length_t="1"/>
            <children>
                <primitiveref id="Rectangles" />
            </children>
        </component>

        <component id="WindowFrameBottom">
            <transformation>
                <scale x="5.5" y="2.5" z="1" />
            </transformation>
            <materials>
                <material id="demoMaterial" />
            </materials>
            <texture id="windowFrameText" />
            <children>
                <componentref id="WindowFrameCompR3" />
                <componentref id="WindowFrameCompR4" />
                <componentref id="WindowFrameCompL3" />
                <componentref id="WindowFrameCompL4" />
            </children>
        </component>

        <component id="WindowFrame">
            <transformation>
            </transformation>
            <materials>
                <material id="demoMaterial" />
            </materials>
            <texture id="windowFrameText" />
            <children>
                <componentref id="WindowFrameLeft" /> 
                <componentref id="WindowFrameRight" />
            </children>
        </component>

        <component id="WindowFrameRight">
            <transformation>
                <translate x="-3" y="0" z="0" /> 
            </transformation>
            <materials>
                <material id="demoMaterial" />
            </materials>
            <texture id="inherit" />
            <children>
                <componentref id="WindowFrameRightAux" />
            </children>
        </component>
    
          <component id="WindowFrameRightAux">
            <transformation>
                <scale x="5.61" y="2.5" z="1" />
            </transformation>
            <animationref id = "WindowFrameRightAni"/>
            <materials>
                <material id="demoMaterial" />
            </materials>
            <texture id="inherit" />
            <children>
                <componentref id="WindowFrameCompR1" />
                <componentref id="WindowFrameCompR2" />
                <componentref id="WindowFrameCompR3" />
                <componentref id="WindowFrameCompR4" />
                <componentref id="WindowFrameCompR5" />
            </children>
        </component>
    
         <component id="WindowFrameLeft">
            <transformation>
                <translate x="2.6" y="0" z="0" /> 
            </transformation>
            <materials>
                <material id="demoMaterial" />
            </materials>
            <texture id="inherit" />
            <children>
                <componentref id="WindowFrameLeftAux" />
            </children>
        </component>

        <component id="WindowFrameLeftAux">
            <transformation>
                <scale x="5.61" y="2.5" z="1" />
            </transformation>
            <animationref id = "WindowFrameLeftAni"/>
            <materials>
                <material id="demoMaterial" />
            </materials>
            <texture id="inherit" />
            <children>
                <componentref id="WindowFrameCompL1" />
                <componentref id="WindowFrameCompL2" />
                <componentref id="WindowFrameCompL3" />
                <componentref id="WindowFrameCompL4" />
                <componentref id="WindowFrameCompL5" />
            </children>
        </component>

        <component id="WindowFrameCompR1">
            <transformation>
                <translate x="0" y="0" z="0" /> 
                <scale x="0.05" y="2" z="0.2"/>  
            </transformation>
            <materials>
                <material id="demoMaterial" />
            </materials>
            <texture id="inherit" />
            <children>
                <componentref id="Quad11" />
                <componentref id="Quad12" />
                <componentref id="Quad13" />
                <componentref id="Quad14" />
                <componentref id="Quad15" />
                <componentref id="Quad16" />
            </children>
        </component>

        <component id="WindowFrameCompR2">
            <transformation>
                <scale x="0.49" y="0.2" z="0.2"/>  
            </transformation>
            <materials>
                <material id="demoMaterial" />
            </materials>
            <texture id="inherit" />
            <children>
                <componentref id="Quad11" />
                <componentref id="Quad12" />
                <componentref id="Quad13" />
                <componentref id="Quad14" />
                <componentref id="Quad15" />
                <componentref id="Quad16" />
            </children>
        </component>

        <component id="WindowFrameCompR3">
            <transformation>
                <translate x="0" y="1" z="0" /> 
                <scale x="0.49" y="0.1" z="0.2"/>  
            </transformation>
            <materials>
                <material id="demoMaterial" />
            </materials>
            <texture id="inherit" />
            <children>
                <componentref id="Quad11" />
                <componentref id="Quad12" />
                <componentref id="Quad13" />
                <componentref id="Quad14" />
                <componentref id="Quad15" />
                <componentref id="Quad16" />
            </children>
        </component>


        <component id="WindowFrameCompR4">
            <transformation>
                <translate x="0" y="-1" z="0" /> 
                <scale x="0.49" y="0.1" z="0.2"/>  
            </transformation>
            <materials>
                <material id="demoMaterial" />
            </materials>
            <texture id="inherit" />
            <children>
                <componentref id="Quad11" />
                <componentref id="Quad12" />
                <componentref id="Quad13" />
                <componentref id="Quad14" />
                <componentref id="Quad15" />
                <componentref id="Quad16" />
            </children>
        </component>

        <component id="WindowFrameCompR5">
            <transformation>
                <translate x="0.47" y="0" z="0" /> 
                <scale x="0.025" y="2.1" z="0.2"/>  
            </transformation>
            <materials>
                <material id="demoMaterial" />
            </materials>
            <texture id="inherit" />
            <children>
                <componentref id="Quad11" />
                <componentref id="Quad12" />
                <componentref id="Quad13" />
                <componentref id="Quad14" />
                <componentref id="Quad15" />
                <componentref id="Quad16" />
            </children>
        </component>


        <component id="WindowFrameCompL1">
            <transformation>
                <scale x="0.05" y="2.1" z="0.20"/>  
            </transformation>
            <materials>
                <material id="demoMaterial" />
            </materials>
            <texture id="inherit" />
            <children>
                <componentref id="Quad11" />
                <componentref id="Quad12" />
                <componentref id="Quad13" />
                <componentref id="Quad14" />
                <componentref id="Quad15" />
                <componentref id="Quad16" />
            </children>
        </component>


         <component id="WindowFrameCompL2">
            <transformation>
                <translate x="-0.48" y="0" z="0" /> 
                <scale x="0.52" y="0.2" z="0.12"/>  
            </transformation>
            <materials>
                <material id="demoMaterial" />
            </materials>
            <texture id="inherit" />
            <children>
                <componentref id="Quad11" />
                <componentref id="Quad12" />
                <componentref id="Quad13" />
                <componentref id="Quad14" />
                <componentref id="Quad15" />
                <componentref id="Quad16" />
            </children>
        </component>


         <component id="WindowFrameCompL3">
            <transformation>
                <translate x="-0.5" y="1" z="0" /> 
                <scale x="0.55" y="0.1" z="0.2"/>  
            </transformation>
            <materials>
                <material id="demoMaterial" />
            </materials>
            <texture id="inherit" />
            <children>
                <componentref id="Quad11" />
                <componentref id="Quad12" />
                <componentref id="Quad13" />
                <componentref id="Quad14" />
                <componentref id="Quad15" />
                <componentref id="Quad16" />
            </children>
        </component>

         <component id="WindowFrameCompL4">
            <transformation>
                <translate x="-0.5" y="-1" z="0" /> 
                <scale x="0.5" y="0.1" z="0.2"/>  
            </transformation>
            <materials>
                <material id="demoMaterial" />
            </materials>
            <texture id="inherit" />
            <children>
                <componentref id="Quad11" />
                <componentref id="Quad12" />
                <componentref id="Quad13" />
                <componentref id="Quad14" />
                <componentref id="Quad15" />
                <componentref id="Quad16" />
            </children>
        </component>

        <component id="WindowFrameCompL5">
            <transformation>
                <translate x="-0.5" y="0" z="0" /> 
                <scale x="0.025" y="2" z="0.2"/>  
            </transformation>
            <materials>
                <material id="demoMaterial" />
            </materials>
            <texture id="inherit" />
            <children>
                <componentref id="Quad11" />
                <componentref id="Quad12" />
                <componentref id="Quad13" />
                <componentref id="Quad14" />
                <componentref id="Quad15" />
                <componentref id="Quad16" />
            </children>
        </component>


        <component id="Door">
            <transformation>
              <translate x="18" y="3" z="15" /> 
                 <rotate axis="y" angle="-90" />   
                <scale x="3" y="3" z="1" />
            </transformation>
            <materials>
                <material id="woodMaterial" />
            </materials>
            <texture id="doorText" length_s="1" length_t="1"/>
            <children>
                <primitiveref id="Rectangles" />
            </children>
        </component>

        <component id="Coroa">  
            <transformation>
                <translate x="17.7" y="5" z="3" /> 
                <rotate axis="y" angle="-90" />   
            </transformation>
            <materials>
                <material id="demoMaterial" />
            </materials>
            <texture id="coroaText" length_s="1" length_t="1"/>
            <children>
                <componentref id="CoroaAux"/>
            </children>
        </component>

        <component id="CoroaAux">  
            <transformation>
            </transformation>
            <animationref id="CoroaAni" />
            <materials>
                <material id="demoMaterial" />
            </materials>
            <texture id="inherit"/>
            <children>
                <componentref id="CoroaBall1" />
                <componentref id="CoroaBall2" />
                <componentref id="CoroaBall3" />
                <componentref id="CoroaBase" />
            </children>
        </component>
        

        <component id="CoroaBall1">
            <transformation>
                <translate x="-0.2" y="0.9" z="0.4" />   
                <scale x="1.5" y="1.5" z="1.5" />  
            </transformation>
            <materials>
                <material id="ballsMat" />
            </materials>
            <texture id="treeBallText" length_s="1" length_t="1"/>
            <children>
                <primitiveref id="sphere" />
            </children>
        </component> 

         <component id="CoroaBall2">
            <transformation>
                <translate x="0.2" y="0.9" z="0.4" />   
                <scale x="1.5" y="1.5" z="1.5" />  
            </transformation>
            <materials>
                <material id="ballsMat" />
            </materials>
            <texture id="treeBallText" length_s="1" length_t="1"/>
            <children>
                <primitiveref id="sphere" />
            </children>
        </component> 

         <component id="CoroaBall3">
            <transformation>
                <translate x="0" y="0.7" z="0.4" />   
                <scale x="1.5" y="1.5" z="1.5" />  
            </transformation>
            <materials>
                <material id="ballsMat" />
            </materials>
            <texture id="treeBallText" length_s="1" length_t="1"/>
            <children>
                <primitiveref id="sphere" />
            </children>
        </component> 

        <component id="CoroaBase">
            <transformation>
            </transformation>
            <materials>
                <material id="demoMaterial" />
            </materials>
            <texture id="coroaText" length_s="1" length_t="1"/>
            <children>
                <primitiveref id="demoTorus" />
            </children>
        </component>

        <component id="treeLeafs2">
            <transformation>
                <translate x="0" y="0" z="2.1" />   
                <scale x="0.8" y="0.8" z="0.8" />
            </transformation>
            <materials>
                <material id="demoMaterial" />
            </materials>
            <texture id="treeText" length_s="1" length_t="1"/>
            <children>
                <primitiveref id="TreeBranches" />
            </children>
        </component> 

        <component id="treeLeafs3">
            <transformation>
                <translate x="0" y="0" z="3.8" />   
                <scale x="0.7" y="0.7" z="0.8" />
            </transformation>
            <materials>
                <material id="demoMaterial" />
            </materials>
            <texture id="treeText" length_s="1" length_t="1"/>
            <children>
                <primitiveref id="TreeBranches2" />
            </children>
        </component> 

        <component id="treeLeafs4">
            <transformation>
                <translate x="0" y="0" z="5.1" />   
                <scale x="0.6" y="0.6" z="0.6" />   
            </transformation>
            <materials>
                <material id="demoMaterial" />
            </materials>
            <texture id="treeText" length_s="1" length_t="1"/>
            <children>
                <primitiveref id="TreeBranches2" />
            </children>
        </component>   

        <component id="treeLeafs5">
            <transformation>
                <translate x="0" y="0" z="6.2" /> 
                <scale x="0.5" y="0.5" z="0.5" />  
            </transformation>
            <materials>
                <material id="demoMaterial" />
            </materials>
            <texture id="treeText" length_s="1" length_t="1"/>
            <children>
                <primitiveref id="TreeBranches3" />
            </children>
        </component>    

        <component id="treeBall6">
            <transformation>
                <translate x="-0.5" y="1.4" z="1.9" />   
            </transformation>
            <materials>
                <material id="ballsMat" />
                <material id="balls2Mat" />         
            </materials>
            <texture id="treeBallText" length_s="1" length_t="1"/>
            <children>
                <primitiveref id="sphere" />
            </children>
        </component> 

        <component id="treeBall7">
            <transformation>
                <translate x="-0.5" y="2.5" z="1.5" />   
            </transformation>
            <materials>
                <material id="balls2Mat" />         
              <material id="ballsMat" />
            </materials>
            <texture id="treeBallText" length_s="1" length_t="1"/>
            <children>
                <primitiveref id="sphere" />
            </children>
        </component>

        <component id="treeBall8">
            <transformation>
                <translate x="-0.5" y="3.3" z="1.3" />   
            </transformation>
            <materials>
                <material id="balls2Mat" />         
                <material id="ballsMat" />
            </materials>
            <texture id="treeBallText" length_s="1" length_t="1"/>
            <children>
                <primitiveref id="sphere" />
            </children>
        </component>

        <component id="treeBall9">
            <transformation>
                <translate x="-0.5" y="4.1" z="1" />   
            </transformation>
            <materials>
                <material id="ballsMat" />
                <material id="balls2Mat" />         
            </materials>
            <texture id="treeBallText" length_s="1" length_t="1"/>
            <children>
                <primitiveref id="sphere" />
            </children>
        </component>

        <component id="treeBall10">
            <transformation>
                <translate x="-0.5" y="4.7" z="0.7" />   
            </transformation>
            <materials>
                <material id="balls2Mat" />         
                  <material id="ballsMat" />
            </materials>
            <texture id="treeBallText" length_s="1" length_t="1"/>
            <children>
                <primitiveref id="sphere" />
            </children>
        </component>

        <component id="treeBall">
            <transformation>
                <translate x="1.4" y="1.5" z="1.3" />   
            </transformation>
            <materials>
                  <material id="ballsMat" />
                <material id="balls2Mat" />         
            </materials>
            <texture id="treeBallText" length_s="1" length_t="1"/>
            <children>
                <primitiveref id="sphere" />
            </children>
        </component> 

        <component id="treeBall2">
            <transformation>
                <translate x="1.4" y="2.5" z="0.8" />   
            </transformation>
            <materials>
                <material id="balls2Mat" />         
                 <material id="ballsMat" />
            </materials>
            <texture id="treeBallText" length_s="1" length_t="1"/>
            <children>
                <primitiveref id="sphere" />
            </children>
        </component>

        <component id="treeBall3">
            <transformation>
                <translate x="1" y="3.4" z="0.9" />   
            </transformation>
            <materials>
                  <material id="ballsMat" />
                <material id="balls2Mat" />         
            </materials>
            <texture id="treeBallText" length_s="1" length_t="1"/>
            <children>
                <primitiveref id="sphere" />
            </children>
        </component>

        <component id="treeBall4">
            <transformation>
                <translate x="0.7" y="4.1" z="0.9" />   
            </transformation>
            <materials>
                <material id="balls2Mat" />         
                  <material id="ballsMat" />
            </materials>
            <texture id="treeBallText" length_s="1" length_t="1"/>
            <children>
                <primitiveref id="sphere" />
            </children>
        </component>

        <component id="treeBall5">
            <transformation>
                <translate x="0.6" y="4.8" z="0.4" />   
            </transformation>
            <materials>
                <material id="ballsMat" />
                <material id="balls2Mat" />         
            </materials>
            <texture id="treeBallText" length_s="1" length_t="1"/>
            <children>
                <primitiveref id="sphere" />
            </children>
        </component>

        <component id="treeBall11">
            <transformation>
                <translate x="-2" y="1.3" z="0" />   
            </transformation>
            <materials>
                <material id="balls2Mat" />
                <material id="ballsMat" />
            </materials>
            <texture id="treeBallText" length_s="1" length_t="1"/>
            <children>
                <primitiveref id="sphere" />
            </children>
        </component> 

        <component id="treeBall12">
            <transformation>
                <translate x="-1.6" y="2.5" z="0" />   
            </transformation>
            <materials>
                <material id="ballsMat" />
                <material id="balls2Mat" />         
            </materials>
            <texture id="treeBallText" length_s="1" length_t="1"/>
            <children>
                <primitiveref id="sphere" />
            </children>
        </component>

        <component id="treeBall13">
            <transformation>
                <translate x="-1.4" y="3.3" z="0" />   
            </transformation>
            <materials>
                <material id="balls2Mat" />         
                <material id="ballsMat" />
            </materials>
            <texture id="treeBallText" length_s="1" length_t="1"/>
            <children>
                <primitiveref id="sphere" />
            </children>
        </component>

        <component id="treeBall14">
            <transformation>
                <translate x="-1.1" y="4.1" z="0" />   
            </transformation>
            <materials>
                <material id="ballsMat" />
                <material id="balls2Mat" />         
            </materials>
            <texture id="treeBallText" length_s="1" length_t="1"/>
            <children>
                <primitiveref id="sphere" />
            </children>
        </component>

        <component id="treeBall15">
            <transformation>
                <translate x="-0.9" y="4.7" z="0" />   
            </transformation>
            <materials>
                <material id="balls2Mat" />         
                  <material id="ballsMat" />
            </materials>
            <texture id="treeBallText" length_s="1" length_t="1"/>
            <children>
                <primitiveref id="sphere" />
            </children>
        </component>

        <component id="treeBall16">
            <transformation>
                <translate x="-0.5" y="1.3" z="-2" />   
            </transformation>
            <materials>
                  <material id="ballsMat" />
                <material id="balls2Mat" />         
            </materials>
            <texture id="treeBallText" length_s="1" length_t="1"/>
            <children>
                <primitiveref id="sphere" />
            </children>
        </component> 

        <component id="treeBall17">
            <transformation>
                <translate x="-0.5" y="2.5" z="-1.5" />   
            </transformation>
            <materials>
                <material id="balls2Mat" />         
                <material id="ballsMat" />
            </materials>
            <texture id="treeBallText" length_s="1" length_t="1"/>
            <children>
                <primitiveref id="sphere" />
            </children>
        </component>

        <component id="treeBall18">
            <transformation>
                <translate x="-0.5" y="3.2" z="-1.4" />   
            </transformation>
            <materials>
                 <material id="ballsMat" />
                <material id="balls2Mat" />         
            </materials>
            <texture id="treeBallText" length_s="1" length_t="1"/>
            <children>
                <primitiveref id="sphere" />
            </children>
        </component>

        <component id="treeBall19">
            <transformation>
                <translate x="-0.5" y="4.1" z="-1" />   
            </transformation>
            <materials>
                <material id="balls2Mat" />         
                 <material id="ballsMat" />
            </materials>
            <texture id="treeBallText" length_s="1" length_t="1"/>
            <children>
                <primitiveref id="sphere" />
            </children>
        </component>

        <component id="treeBall20">
            <transformation>
                <translate x="-0.5" y="4.6" z="-0.9" />   
            </transformation>
            <materials>
                  <material id="ballsMat" />
                <material id="balls2Mat" />         
            </materials>
            <texture id="treeBallText" length_s="1" length_t="1"/>
            <children>
                <primitiveref id="sphere" />
            </children>
        </component>

    <component id="treeBall21">
            <transformation>
                <translate x="1" y="1.3" z="-1.8" />   
            </transformation>
            <materials>
                <material id="balls2Mat" />         
                 <material id="ballsMat" />
            </materials>
            <texture id="treeBallText" length_s="1" length_t="1"/>
            <children>
                <primitiveref id="sphere" />
            </children>
        </component> 

        <component id="treeBall22">
            <transformation>
                <translate x="1" y="2.5" z="-1.2" />   
            </transformation>
            <materials>
                <material id="ballsMat" />
                <material id="balls2Mat" />         
            </materials>
            <texture id="treeBallText" length_s="1" length_t="1"/>
            <children>
                <primitiveref id="sphere" />
            </children>
        </component>

        <component id="treeBall23">
            <transformation>
                <translate x="1" y="3.2" z="-1.1" />   
            </transformation>
            <materials>
                <material id="balls2Mat" />         
                 <material id="ballsMat" />
            </materials>
            <texture id="treeBallText" length_s="1" length_t="1"/>
            <children>
                <primitiveref id="sphere" />
            </children>
        </component>

        <component id="treeBall24">
            <transformation>
                <translate x="0.9" y="4.1" z="-0.7" />   
            </transformation>
            <materials>
                <material id="ballsMat" />
                <material id="balls2Mat" />         
            </materials>
            <texture id="treeBallText" length_s="1" length_t="1"/>
            <children>
                <primitiveref id="sphere" />
            </children>
        </component>

        <component id="treeBall25">
            <transformation>
                <translate x="0.7" y="4.6" z="-0.6" />   
            </transformation>
            <materials>
                <material id="balls2Mat" />         
                 <material id="ballsMat" />
            </materials>
            <texture id="treeBallText" length_s="1" length_t="1"/>
            <children>
                <primitiveref id="sphere" />
            </children>
        </component>


        <component id="treeBase">
            <transformation>
                <rotate axis="x" angle="-90" />
            </transformation>
            <materials>
                <material id="demoMaterial" />
            </materials>
            <texture id="treeBaseText" length_s="1" length_t="1"/>
            <children>
                <primitiveref id="TreeBase" />
            </children>
        </component>   
   
        <component id="treeTop">
            <transformation>
                <rotate axis="x" angle="-90" />
                <translate x="0" y="0" z="0.6" />   
                <scale x="0.6" y="0.6" z="0.6" />
            </transformation>
            <materials>
                <material id="demoMaterial" />
            </materials>
            <texture id="treeText" length_s="1" length_t="1"/>
            <children>
                <primitiveref id="TreeBranches" />
                <componentref id="treeLeafs2" />
                <componentref id="treeLeafs3" />
                <componentref id="treeLeafs4" />
                <componentref id="treeLeafs5" />
            </children>
        </component> 

         <component id="treeStar">
            <transformation>
                <translate x="0" y="5.5" z="0" />
                <rotate axis="x" angle="-90" />
            </transformation>
            <materials>
                <material id="goldStar" />
            </materials>
            <texture id="none"/>
            <children>
                <componentref id="starBody" />
                <componentref id="starPointUp" />
                <componentref id="starPointLeft" />
                <componentref id="starPointFarLeft" />
                <componentref id="starPointRight" />
                <componentref id="starPointFarRight" />
            </children>
        </component> 

        <component id="starPointLeft">
            <transformation>
                <rotate axis="y" angle="-80" /> 
                <translate x="0" y="0" z="0.25" />
            </transformation>
            <materials>
                <material id="inherit" />
            </materials>
            <texture id="inherit" />
            <children>
                <primitiveref id="starPoint" />
            </children>
        </component> 

        <component id="starPointFarLeft">
            <transformation>
                <rotate axis="y" angle="-140" /> 
                <translate x="0" y="0" z="0.25" />
            </transformation>
            <materials>
                <material id="inherit" />
            </materials>
            <texture id="inherit" />
            <children>
                <primitiveref id="starPoint" />
            </children>
        </component> 

        <component id="starPointRight">
            <transformation>
                <rotate axis="y" angle="80" /> 
                <translate x="0" y="0" z="0.25" />
            </transformation>
            <materials>
                <material id="inherit" />
            </materials>
            <texture id="inherit" />
            <children>
                <primitiveref id="starPoint" />
            </children>
        </component> 

        <component id="starPointFarRight">
            <transformation>
                <rotate axis="y" angle="140" />
                <translate x="0" y="0" z="0.25" />
            </transformation>
            <materials>
                <material id="inherit" />
            </materials>
            <texture id="inherit" />
            <children>
                <primitiveref id="starPoint" />
            </children>
        </component> 

        <component id="starPointUp">
            <transformation>
                <translate x="0" y="0" z="0.25" />
            </transformation>
            <materials>
                <material id="inherit" />
            </materials>
            <texture id="inherit" />
            <children>
                <primitiveref id="starPoint" />
            </children>
        </component> 
        
        <component id="starBody">
            <transformation>
                <scale x="2.8" y="2.8" z="2.8" />
                <rotate axis="z" angle="110" />
            </transformation>
            <materials>
                <material id="inherit" />
            </materials>
            <texture id="melhorCadelaOG" length_s="1" length_t="1"/>
            <children>
                <primitiveref id="sphere" />
            </children>
        </component> 

        <component id="ChristmasTree">
            <transformation>
                <translate x="3" y="0" z="3" />   
                <rotate axis="y" angle="20" />
            </transformation>
            <materials>
                <material id="demoMaterial" />
            </materials>
            <texture id="none"/>
            <children>
                <componentref id="treeTop" />
                <componentref id="treeBase"/>
                <componentref id="treeBall"/>
                <componentref id="treeBall2"/>
                <componentref id="treeBall3"/>
                <componentref id="treeBall4"/>
                <componentref id="treeBall5"/>
                <componentref id="treeBall6"/>
                <componentref id="treeBall7"/>
                <componentref id="treeBall8"/>
                <componentref id="treeBall9"/>
                <componentref id="treeBall10"/>
                <componentref id="treeBall11"/>
                <componentref id="treeBall12"/>
                <componentref id="treeBall13"/>
                <componentref id="treeBall14"/>
                <componentref id="treeBall15"/>
                <componentref id="treeBall16"/>
                <componentref id="treeBall17"/>
                <componentref id="treeBall18"/>
                <componentref id="treeBall19"/>
                <componentref id="treeBall20"/>
                <componentref id="treeBall21"/>
                <componentref id="treeBall22"/>
                <componentref id="treeBall23"/>
                <componentref id="treeBall24"/>
                <componentref id="treeBall25"/>
                <componentref id="treeStar" />
            </children>
        </component>   


        <component id="Carpete">
            <transformation>
                <translate x="10" y="0.02" z="5" /> 
                <scale x="8" y="2" z="2.5" />
                <rotate axis="x" angle="-90" />
            </transformation>
            <materials>
                <material id="carpetMat" />
            </materials>
                <texture id="carpetText" length_s="2" length_t="2"/>
            <children>
                <primitiveref id="Rectangles" />
            </children>
        </component>  

        <component id="DaisyFrame">
            <transformation>
                <translate x="9" y="5.3" z="0" /> 
                <scale x="2" y="1" z="1" /> 
            </transformation>
            <materials>
                <material id="demoMaterial" />
                <material id="dogs" />
            </materials>
                <texture id="melhorCadela" length_s="1" length_t="1"/>
            <children>
                <primitiveref id="Rectangles" />
            </children>
        </component>  

         <component id="LokiFrame">
            <transformation>
                <translate x="11" y="5.3" z="0" /> 
                <scale x="2" y="1" z="1" /> 
            </transformation>
            <materials>
                <material id="demoMaterial" />
                <material id="dogs" />
            </materials>
                <texture id="melhorCao" length_s="1" length_t="1"/>
            <children>
                <primitiveref id="Rectangles" />
            </children>
        </component> 

        <component id="Cabin">
            <transformation>
            </transformation>
            <materials>
                <material id="woodMaterial" />
            </materials>
            <texture id="woodCabinWall" length_s="1" length_t="1"/>
            <children>
                <componentref id="northWall" />
                <componentref id="southWall" />
                <componentref id="westWall" />
                <componentref id="eastWall" />
                <componentref id="floor" />
                <componentref id="fireplace" />
            </children>
        </component>

        <component id="northWall">
            <transformation>
                <translate x="-0.02" y="0" z="0" />
                <scale x="18.05" y="4" z="1" />
                <translate x="0.5" y="1" z="-0.005" />
            </transformation>
            <materials>
                <material id="inherit" />
            </materials>
            <texture id="inherit" />
            <children>
                <primitiveref id="Rectangles" />
            </children>
        </component>

        <component id="southWall">
            <transformation>
                <scale x="18" y="4" z="1" />
                <translate x="0.5" y="1" z="-0.005" />
                <rotate axis="x" angle="180" />
                <translate x="0" y="0" z="-20" />
            </transformation>
            <materials>
                <material id="inherit" />
            </materials>
            <texture id="inherit" />
            <children>
                <primitiveref id="Rectangles" />
            </children>
        </component>

        <component id="westWall">
            <transformation>
                <translate x="0" y="8" z="0" />
                <rotate axis="y" angle="90" />
                <rotate axis="z" angle="-180" />
                <scale x="20" y="4" z="1" />
                <translate x="0.5" y="1" z="-0.005" />
            </transformation>
            <materials>
                <material id="inherit" />
            </materials>
            <texture id="inherit" />
            <children>
                <primitiveref id="Rectangles" />
            </children>
        </component>
       
        <component id="eastWall">
            <transformation>
                <translate x="18" y="0" z="0" />
                <rotate axis="y" angle="-90" />
                <scale x="20" y="4" z="1" />
                <translate x="0.5" y="1" z="-0.005" />
            </transformation>
            <materials>
                <material id="inherit" />
            </materials>
            <texture id="inherit" />
            <children>
                <primitiveref id="Rectangles" />
            </children>
        </component>

        <component id="floor">
            <transformation>
                  <transformationref id="floorTrans" />
            </transformation>
            <materials>
                <material id="inherit" />
            </materials>
            <texture id="woodCabinFloor" length_s="2" length_t="2"/>
            <children>
                <primitiveref id="plane" />
            </children>
        </component>

        <component id="fireplace">
            <transformation>
                <translate x="10" y="1.5" z="0" /> 
                <scale x="4" y="1.5" z="1" />  
            </transformation>
            <materials>
                <material id="inherit" />
            </materials>
            <texture id="inherit" />
            <children>
                <componentref id="fireplaceWestBor" />
                <componentref id="fireplaceEastBor" />
                <componentref id="fireplaceNorthBor" />
                <componentref id="fireplaceFront" />
            </children>
        </component>

        <component id="fireplaceFront">
            <transformation>
                <translate x="0" y="0" z="1" />  
            </transformation>
            <materials>
                <material id="fireMat" />
            </materials>
            <texture id="fireplaceText" length_s="1" length_t="1"/>
            <children>
                <primitiveref id="Rectangles"/>
            </children>
        </component>

        <component id="fireplaceWestBor">
            <transformation>
                <scale x="0.2" y="1" z="1" />  
                <rotate axis="y" angle="-90" />
                <translate x="0.5" y="0" z="2.5" /> 
            </transformation>
            <materials>
                <material id="inherit" />
            </materials>
            <texture id="inherit" />
            <children>
                <primitiveref id="Rectangles"/>
            </children>
        </component>

        <component id="fireplaceEastBor">
             <transformation>
                <scale x="0.2" y="1" z="1" />  
                <rotate axis="y" angle="90" />
                <translate x="-0.5" y="0" z="2.5" /> 
            </transformation>
            <materials>
                <material id="inherit" />
            </materials>
            <texture id="inherit" />
            <children>
                <primitiveref id="Rectangles"/>
            </children>
        </component>

        <component id="fireplaceNorthBor">
            <transformation>
                <scale x="1" y="1" z="0.5" />
                <rotate axis="x" angle="-90" /> 
                <translate x="0" y="-1" z="1" /> 
            </transformation>
            <materials>
                <material id="inherit" />
            </materials>
            <texture id="woodCabinWall" length_s="0.5" length_t="0.4"/>
            <children>
                <primitiveref id="Rectangles"/>
            </children>
        </component>

        <component id="Cookies">
            <transformation>
                <translate x="4.5" y="2.72" z="15" />
                <rotate axis="x" angle="90" />
            </transformation>
            <materials>
                <material id="cookiesMat" />
            </materials>
            <texture id="none"/>
            <children>
                <componentref id="cookiePlate" />
                <componentref id="greenCookies"/>
                <componentref id="treeCookies" />
            </children>
        </component>

        <component id="cookiePlate">
            <transformation>
                <scale x="1" y="1" z="1.6" />
            </transformation>
            <materials>
                <material id="inherit" />
            </materials>
            <texture id="cookiePlate" length_s="1" length_t="1"/>
            <children>
                <primitiveref id="disk" />
            </children>
        </component>

        <component id="greenCookies">
            <transformation>
                <scale x="0.2" y="0.2" z="0.5" />
                <translate x="0" y="0" z="-0.02" />
            </transformation>
            <materials>
                <material id="inherit" />
            </materials>
            <texture id="greenCookie" length_s="1" length_t="1"/>
            <children>
                <componentref id="greenCookie1" />
                <componentref id="greenCookie2" />
                <componentref id="greenCookie3" />
                <componentref id="greenCookie4" />
                <primitiveref id="disk" />
            </children>
        </component>

        <component id="greenCookie1">
            <transformation>
                <translate x="1.8" y="1.8" z="0" />
            </transformation>
            <materials>
                <material id="inherit" />
            </materials>
            <texture id="inherit" />
            <children>
                <primitiveref id="disk" />
            </children>
        </component>

        <component id="greenCookie2">
            <transformation>
                <translate x="-1.8" y="1.8" z="0" />
            </transformation>
            <materials>
                <material id="inherit" />
            </materials>
            <texture id="inherit" />
            <children>
                <primitiveref id="disk" />
            </children>
        </component>
        
        <component id="greenCookie3">
            <transformation>
                <translate x="1.8" y="-1.8" z="0" />
            </transformation>
            <materials>
                <material id="inherit" />
            </materials>
            <texture id="inherit" />
            <children>
                <primitiveref id="disk" />
            </children>
        </component>

        <component id="greenCookie4">
            <transformation>
                <translate x="-1.8" y="-1.8" z="0" />
            </transformation>
            <materials>
                <material id="inherit" />
            </materials>
            <texture id="inherit" />
            <children>
                <primitiveref id="disk" />
            </children>
        </component>

        <component id="treeCookies">
             <transformation>
                <scale x="0.17" y="0.17" z="0.5" />
                <translate x="0" y="0" z="-0.02" />
            </transformation>
            <materials>
                <material id="inherit" />
            </materials>
            <texture id="treeCookie" length_s="1" length_t="1"/>
            <children>
                <componentref id="treeCookie1" />
                <componentref id="treeCookie2" />
                <componentref id="treeCookie3" />
                <componentref id="treeCookie4" />
            </children>
        </component>

        <component id="treeCookie1">
            <transformation>
                <translate x="2.4" y="0" z="0" />
            </transformation>
            <materials>
                <material id="inherit" />
            </materials>
            <texture id="inherit" />
            <children>
                <primitiveref id="disk" />
            </children>
        </component>
        
        <component id="treeCookie2">
            <transformation>
                <translate x="-2.4" y="0" z="0" />
            </transformation>
            <materials>
                <material id="inherit" />
            </materials>
            <texture id="inherit" />
            <children>
                <primitiveref id="disk" />
            </children>
        </component>
        
        <component id="treeCookie3">
            <transformation>
                <translate x="0" y="2.4" z="0" />
            </transformation>
            <materials>
                <material id="inherit" />
            </materials>
            <texture id="inherit" />
            <children>
                <primitiveref id="disk" />
            </children>
        </component>
        
        <component id="treeCookie4">
            <transformation>
                <translate x="0" y="-2.4" z="0" />
            </transformation>
            <materials>
                <material id="inherit" />
            </materials>
            <texture id="inherit" />
            <children>
                <primitiveref id="disk" />
            </children>
        </component>  
    </components>

</lxs>
