<lxs>
    <scene root="demoRoot" axis_length="5"/>

    <views default="defaultCamera">
        <perspective id="defaultCamera" near="0.1" far="40" angle="45">
            <from x="67" y="50" z="30" />
            <to x="0" y="-2" z="0" />
        </perspective>
    </views>

    <ambient>
        <ambient r="0.2" g="0.2" b="0.2" a="1.0" />
        <background r="0.8" g="0.8" b="0.8" a="1.0" />
    </ambient>

    <lights>
        <omni id="demoLight" enabled="1">
            <location x="9.8" y="11.9" z="10" w="1.0" />
            <ambient r="0" g="0" b="0" a="1.0" />
            <diffuse r="1.0" g="1.0" b="1.0" a="1.0" />
            <specular r="1.0" g="1.0" b="1.0" a="1.0" />
        </omni>
    </lights>

    <textures>
        <texture id="demoTexture" file="scenes/images/vidral.jpg" />
        <texture id="demoJapan" file="scenes/images/redwhite.jpg" />
        <texture id="coroa" file="scenes/images/crown.jpg" />
        <texture id="melhorCao" file="scenes/images/red_ball.jpg"  />
    </textures>

    <materials>
        <material id="demoMaterial" shininess="10">
            <emission r="0.0" g="0.0" b="0.0" a="1.0" />
            <ambient r="1.0" g="1.0" b="1.0" a="1.0" />
            <diffuse r="1" g="1.0" b="1" a="1.0" />
            <specular r="1" g="1.0" b="1" a="1.0" />
        </material>
    </materials>

    <transformations>
        <transformation id="demoTransform">
            <scale x="5" y="1" z="5" />
            <rotate axis="x" angle="-45" />
            <rotate axis="z" angle="-45" />
        </transformation>
        <transformation id="lokiTrans">
            <scale x="2" y="2" z="2" />
            <!-- <translate x="2" y="2" z="2" /> -->
            <rotate axis="y" angle="45" />
            <!-- <rotate axis="x" angle="-10" /> -->
            <!-- <rotate axis="z" angle="10" /> -->
        </transformation>
    </transformations>

    <primitives>
        <primitive id="demoRectangle">
            <rectangle x1="-0.5" y1="-1" x2="0.5" y2="1" />
        </primitive>
        <primitive id="demoCylinder">
            <cylinder base="5" top="5" height="10" slices="20" stacks="10" />
        </primitive>
        <primitive id="demoTorus">
            <torus inner="2" outer="10" slices="20" loops="20" />
        </primitive>
        <primitive id="triang">
          <triangle   x1="0" y1="0" z1="0"
                        x2="5" y2="0" z2="0"
                        x3="5" y3="4" z3="0" />
        </primitive>
        <primitive id="sp">
              <sphere radius="2" slices="30" stacks="30" />
        </primitive>
    </primitives>

    <components>
        <component id="demoRoot">
            <transformation>
                <translate x="0" y="0" z="1" />
                <scale x="2" y="1" z="1" />
            </transformation>
            <materials>
                <material id="demoMaterial" />
            </materials>
            <texture id="melhorCao" />
            <children>
                <primitiveref id="triang" />
                <componentref id="canito" />
            </children>
        </component>
        <component id="canito">
            <transformation>
                <transformationref id="lokiTrans" />
            </transformation>
            <materials>
                <material id="demoMaterial" />
            </materials>
            <texture id="melhorCao" />
            <children>
                <primitiveref id="sp" />
            </children>
        </component>
    </components>
</lxs>